ServiceId;StreamingProtocol;IPLocationURL;DRMProtectionKey
IESVC1006;dash;https://wp1-g-anp01020102-live-vxtoken-ie-preprod.prod.cdn.dmdsdp.com/live/disk1/IESVC1006/go-dash-sd-avc/IESVC1006.mpd;10000000
IESVC1006;hls;https://wp1-g-anp01020102-live-vxtoken-ie-preprod.prod.cdn.dmdsdp.com/live/disk1/IESVC1006/go-hls-sd-avc/IESVC1006.m3u8;10000000
IESVC1007;dash;https://wp1-g-anp01020102-live-vxtoken-ie-preprod.prod.cdn.dmdsdp.com/live/disk1/IESVC1007/go-dash-sd-avc/IESVC1007.mpd;10000020
IESVC1007;hls;https://wp1-g-anp01020102-live-vxtoken-ie-preprod.prod.cdn.dmdsdp.com/live/disk1/IESVC1007/go-hls-sd-avc/IESVC1007.m3u8;10000020
IESVC1010;dash;https://wp3-g-anp02030203-live-vxtoken-ie-preprod.prod.cdn.dmdsdp.com/live/disk1/IESVC1010/go-dash-sd-avc/IESVC1010.mpd;10000040
IESVC1010;hls;https://wp3-g-anp02030203-live-vxtoken-ie-preprod.prod.cdn.dmdsdp.com/live/disk1/IESVC1010/go-hls-sd-avc/IESVC1010.m3u8;10000040
IESVC1012;dash;https://wp1-g-anp01020102-live-vxtoken-ie-preprod.prod.cdn.dmdsdp.com/live/disk1/IESVC1012/go-dash-sd-avc/IESVC1012.mpd;10000030
IESVC1012;hls;https://wp1-g-anp01020102-live-vxtoken-ie-preprod.prod.cdn.dmdsdp.com/live/disk1/IESVC1012/go-hls-sd-avc/IESVC1012.m3u8;10000030
IESVC1014;dash;https://wp3-g-anp02030203-live-vxtoken-ie-preprod.prod.cdn.dmdsdp.com/live/disk1/IESVC1014/go-dash-sd-avc/IESVC1014.mpd;10000030
IESVC1014;hls;https://wp3-g-anp02030203-live-vxtoken-ie-preprod.prod.cdn.dmdsdp.com/live/disk1/IESVC1014/go-hls-sd-avc/IESVC1014.m3u8;10000030
IESVC1017;dash;https://wp3-g-anp02030203-live-vxtoken-ie-preprod.prod.cdn.dmdsdp.com/live/disk1/IESVC1017/go-dash-sd-avc/IESVC1017.mpd;10000040
IESVC1017;hls;https://wp3-g-anp02030203-live-vxtoken-ie-preprod.prod.cdn.dmdsdp.com/live/disk1/IESVC1017/go-hls-sd-avc/IESVC1017.m3u8;10000040
IESVC1019;dash;https://wp4-g-anp02030203-live-vxtoken-ie-preprod.prod.cdn.dmdsdp.com/live/disk1/IESVC1019/go-dash-sd-avc/IESVC1019.mpd;10000040
IESVC1019;hls;https://wp4-g-anp02030203-live-vxtoken-ie-preprod.prod.cdn.dmdsdp.com/live/disk1/IESVC1019/go-hls-sd-avc/IESVC1019.m3u8;10000040
IESVC1020;dash;https://wp1-g-anp01020102-live-vxtoken-ie-preprod.prod.cdn.dmdsdp.com/live/disk1/IESVC1020/go-dash-sd-avc/IESVC1020.mpd;10000000
IESVC1020;hls;https://wp1-g-anp01020102-live-vxtoken-ie-preprod.prod.cdn.dmdsdp.com/live/disk1/IESVC1020/go-hls-sd-avc/IESVC1020.m3u8;10000000
IESVC1021;dash;https://wp3-g-anp02030203-live-vxtoken-ie-preprod.prod.cdn.dmdsdp.com/live/disk1/IESVC1021/go-dash-sd-avc/IESVC1021.mpd;10000020
IESVC1021;hls;https://wp3-g-anp02030203-live-vxtoken-ie-preprod.prod.cdn.dmdsdp.com/live/disk1/IESVC1021/go-hls-sd-avc/IESVC1021.m3u8;10000020
IESVC1023;dash;https://wp4-g-anp02030203-live-vxtoken-ie-preprod.prod.cdn.dmdsdp.com/live/disk1/IESVC1023/go-dash-sd-avc/IESVC1023.mpd;10000060
IESVC1023;hls;https://wp4-g-anp02030203-live-vxtoken-ie-preprod.prod.cdn.dmdsdp.com/live/disk1/IESVC1023/go-hls-sd-avc/IESVC1023.m3u8;10000060
IESVC1030;dash;https://wp1-g-anp01020102-live-vxtoken-ie-preprod.prod.cdn.dmdsdp.com/live/disk1/IESVC1030/go-dash-sd-avc/IESVC1030.mpd;10000020
IESVC1030;hls;https://wp1-g-anp01020102-live-vxtoken-ie-preprod.prod.cdn.dmdsdp.com/live/disk1/IESVC1030/go-hls-sd-avc/IESVC1030.m3u8;10000020
IESVC1037;dash;https://wp4-g-anp02030203-live-vxtoken-ie-preprod.prod.cdn.dmdsdp.com/live/disk1/IESVC1037/go-dash-sd-avc/IESVC1037.mpd;10000060
IESVC1037;hls;https://wp4-g-anp02030203-live-vxtoken-ie-preprod.prod.cdn.dmdsdp.com/live/disk1/IESVC1037/go-hls-sd-avc/IESVC1037.m3u8;10000060
IESVC1039;dash;https://wp1-g-anp01020102-live-vxtoken-ie-preprod.prod.cdn.dmdsdp.com/live/disk1/IESVC1039/go-dash-sd-avc/IESVC1039.mpd;10000000
IESVC1039;hls;https://wp1-g-anp01020102-live-vxtoken-ie-preprod.prod.cdn.dmdsdp.com/live/disk1/IESVC1039/go-hls-sd-avc/IESVC1039.m3u8;10000000
IESVC1040;dash;https://wp3-g-anp02030203-live-vxtoken-ie-preprod.prod.cdn.dmdsdp.com/live/disk1/IESVC1040/go-dash-sd-avc/IESVC1040.mpd;10000110
IESVC1040;hls;https://wp3-g-anp02030203-live-vxtoken-ie-preprod.prod.cdn.dmdsdp.com/live/disk1/IESVC1040/go-hls-sd-avc/IESVC1040.m3u8;10000110
IESVC1041;dash;https://wp3-g-anp02030203-live-vxtoken-ie-preprod.prod.cdn.dmdsdp.com/live/disk1/IESVC1041/go-dash-sd-avc/IESVC1041.mpd;10000030
IESVC1041;hls;https://wp3-g-anp02030203-live-vxtoken-ie-preprod.prod.cdn.dmdsdp.com/live/disk1/IESVC1041/go-hls-sd-avc/IESVC1041.m3u8;10000030
IESVC1042;dash;https://wp3-g-anp02030203-live-vxtoken-ie-preprod.prod.cdn.dmdsdp.com/live/disk1/IESVC1042/go-dash-sd-avc/IESVC1042.mpd;10000030
IESVC1042;hls;https://wp3-g-anp02030203-live-vxtoken-ie-preprod.prod.cdn.dmdsdp.com/live/disk1/IESVC1042/go-hls-sd-avc/IESVC1042.m3u8;10000030
IESVC1043;dash;https://wp1-g-anp01020102-live-vxtoken-ie-preprod.prod.cdn.dmdsdp.com/live/disk1/IESVC1043/go-dash-sd-avc/IESVC1043.mpd;10000000
IESVC1043;hls;https://wp1-g-anp01020102-live-vxtoken-ie-preprod.prod.cdn.dmdsdp.com/live/disk1/IESVC1043/go-hls-sd-avc/IESVC1043.m3u8;10000000
IESVC1056;dash;https://wp4-g-anp02030203-live-vxtoken-ie-preprod.prod.cdn.dmdsdp.com/live/disk1/IESVC1056/go-dash-sd-avc/IESVC1056.mpd;10000040
IESVC1056;hls;https://wp4-g-anp02030203-live-vxtoken-ie-preprod.prod.cdn.dmdsdp.com/live/disk1/IESVC1056/go-hls-sd-avc/IESVC1056.m3u8;10000040
IESVC1057;dash;https://wp4-g-anp02030203-live-vxtoken-ie-preprod.prod.cdn.dmdsdp.com/live/disk1/IESVC1057/go-dash-sd-avc/IESVC1057.mpd;10000040
IESVC1057;hls;https://wp4-g-anp02030203-live-vxtoken-ie-preprod.prod.cdn.dmdsdp.com/live/disk1/IESVC1057/go-hls-sd-avc/IESVC1057.m3u8;10000040
IESVC1059;dash;https://wp4-g-anp02030203-live-vxtoken-ie-preprod.prod.cdn.dmdsdp.com/live/disk1/IESVC1059/go-dash-sd-avc/IESVC1059.mpd;10000040
IESVC1059;hls;https://wp4-g-anp02030203-live-vxtoken-ie-preprod.prod.cdn.dmdsdp.com/live/disk1/IESVC1059/go-hls-sd-avc/IESVC1059.m3u8;10000040
IESVC1060;dash;https://wp4-g-anp02030203-live-vxtoken-ie-preprod.prod.cdn.dmdsdp.com/live/disk1/IESVC1060/go-dash-sd-avc/IESVC1060.mpd;10000040
IESVC1060;hls;https://wp4-g-anp02030203-live-vxtoken-ie-preprod.prod.cdn.dmdsdp.com/live/disk1/IESVC1060/go-hls-sd-avc/IESVC1060.m3u8;10000040
IESVC1061;dash;https://wp4-g-anp02030203-live-vxtoken-ie-preprod.prod.cdn.dmdsdp.com/live/disk1/IESVC1061/go-dash-sd-avc/IESVC1061.mpd;10000040
IESVC1061;hls;https://wp4-g-anp02030203-live-vxtoken-ie-preprod.prod.cdn.dmdsdp.com/live/disk1/IESVC1061/go-hls-sd-avc/IESVC1061.m3u8;10000040
IESVC1062;dash;https://wp4-g-anp02030203-live-vxtoken-ie-preprod.prod.cdn.dmdsdp.com/live/disk1/IESVC1062/go-dash-sd-avc/IESVC1062.mpd;10000040
IESVC1062;hls;https://wp4-g-anp02030203-live-vxtoken-ie-preprod.prod.cdn.dmdsdp.com/live/disk1/IESVC1062/go-hls-sd-avc/IESVC1062.m3u8;10000040
IESVC1063;dash;https://wp1-g-anp01020102-live-vxtoken-ie-preprod.prod.cdn.dmdsdp.com/live/disk1/IESVC1063/go-dash-sd-avc/IESVC1063.mpd;10000110
IESVC1063;hls;https://wp1-g-anp01020102-live-vxtoken-ie-preprod.prod.cdn.dmdsdp.com/live/disk1/IESVC1063/go-hls-sd-avc/IESVC1063.m3u8;10000110
IESVC1064;dash;https://wp1-g-anp01020102-live-vxtoken-ie-preprod.prod.cdn.dmdsdp.com/live/disk1/IESVC1064/go-dash-sd-avc/IESVC1064.mpd;10000000
IESVC1064;hls;https://wp1-g-anp01020102-live-vxtoken-ie-preprod.prod.cdn.dmdsdp.com/live/disk1/IESVC1064/go-hls-sd-avc/IESVC1064.m3u8;10000000
IESVC1076;dash;https://wp1-g-anp01020102-live-vxtoken-ie-preprod.prod.cdn.dmdsdp.com/live/disk1/IESVC1076/go-dash-sd-avc/IESVC1076.mpd;10000000
IESVC1076;hls;https://wp1-g-anp01020102-live-vxtoken-ie-preprod.prod.cdn.dmdsdp.com/live/disk1/IESVC1076/go-hls-sd-avc/IESVC1076.m3u8;10000000
IESVC1077;dash;https://wp1-g-anp01020102-live-vxtoken-ie-preprod.prod.cdn.dmdsdp.com/live/disk1/IESVC1077/go-dash-sd-avc/IESVC1077.mpd;10000000
IESVC1077;hls;https://wp1-g-anp01020102-live-vxtoken-ie-preprod.prod.cdn.dmdsdp.com/live/disk1/IESVC1077/go-hls-sd-avc/IESVC1077.m3u8;10000000
IESVC1085;dash;https://wp1-g-anp01020102-live-vxtoken-ie-preprod.prod.cdn.dmdsdp.com/live/disk1/IESVC1085/go-dash-sd-avc/IESVC1085.mpd;10000030
IESVC1085;hls;https://wp1-g-anp01020102-live-vxtoken-ie-preprod.prod.cdn.dmdsdp.com/live/disk1/IESVC1085/go-hls-sd-avc/IESVC1085.m3u8;10000030
IESVC1086;dash;https://wp1-g-anp01020102-live-vxtoken-ie-preprod.prod.cdn.dmdsdp.com/live/disk1/IESVC1086/go-dash-sd-avc/IESVC1086.mpd;10000020
IESVC1086;hls;https://wp1-g-anp01020102-live-vxtoken-ie-preprod.prod.cdn.dmdsdp.com/live/disk1/IESVC1086/go-hls-sd-avc/IESVC1086.m3u8;10000020
IESVC1091;dash;https://wp4-g-anp02030203-live-vxtoken-ie-preprod.prod.cdn.dmdsdp.com/live/disk1/IESVC1091/go-dash-sd-avc/IESVC1091.mpd;10000060
IESVC1091;hls;https://wp4-g-anp02030203-live-vxtoken-ie-preprod.prod.cdn.dmdsdp.com/live/disk1/IESVC1091/go-hls-sd-avc/IESVC1091.m3u8;10000060
IESVC1095;dash;https://wp2-g-anp01030103-live-vxtoken-ie-preprod.prod.cdn.dmdsdp.com/live/disk1/IESVC1095/go-dash-sd-avc/IESVC1095.mpd;10000000
IESVC1095;hls;https://wp2-g-anp01030103-live-vxtoken-ie-preprod.prod.cdn.dmdsdp.com/live/disk1/IESVC1095/go-hls-sd-avc/IESVC1095.m3u8;10000000
IESVC1102;dash;https://wp2-g-anp01030103-live-vxtoken-ie-preprod.prod.cdn.dmdsdp.com/live/disk1/IESVC1102/go-dash-sd-avc/IESVC1102.mpd;10000000
IESVC1102;hls;https://wp2-g-anp01030103-live-vxtoken-ie-preprod.prod.cdn.dmdsdp.com/live/disk1/IESVC1102/go-hls-sd-avc/IESVC1102.m3u8;10000000
IESVC1104;dash;https://wp4-g-anp02030203-live-vxtoken-ie-preprod.prod.cdn.dmdsdp.com/live/disk1/IESVC1104/go-dash-sd-avc/IESVC1104.mpd;10000110
IESVC1104;hls;https://wp4-g-anp02030203-live-vxtoken-ie-preprod.prod.cdn.dmdsdp.com/live/disk1/IESVC1104/go-hls-sd-avc/IESVC1104.m3u8;10000110
IESVC1105;dash;https://wp1-g-anp01020102-live-vxtoken-ie-preprod.prod.cdn.dmdsdp.com/live/disk1/IESVC1105/go-dash-sd-avc/IESVC1105.mpd;10000030
IESVC1105;hls;https://wp1-g-anp01020102-live-vxtoken-ie-preprod.prod.cdn.dmdsdp.com/live/disk1/IESVC1105/go-hls-sd-avc/IESVC1105.m3u8;10000030
IESVC1107;dash;https://wp1-g-anp01020102-live-vxtoken-ie-preprod.prod.cdn.dmdsdp.com/live/disk1/IESVC1107/go-dash-sd-avc/IESVC1107.mpd;10000030
IESVC1107;hls;https://wp1-g-anp01020102-live-vxtoken-ie-preprod.prod.cdn.dmdsdp.com/live/disk1/IESVC1107/go-hls-sd-avc/IESVC1107.m3u8;10000030
IESVC1109;dash;https://wp4-g-anp02030203-live-vxtoken-ie-preprod.prod.cdn.dmdsdp.com/live/disk1/IESVC1109/go-dash-sd-avc/IESVC1109.mpd;10000060
IESVC1109;hls;https://wp4-g-anp02030203-live-vxtoken-ie-preprod.prod.cdn.dmdsdp.com/live/disk1/IESVC1109/go-hls-sd-avc/IESVC1109.m3u8;10000060
IESVC1110;dash;https://wp1-g-anp01020102-live-vxtoken-ie-preprod.prod.cdn.dmdsdp.com/live/disk1/IESVC1110/go-dash-sd-avc/IESVC1110.mpd;10000060
IESVC1110;hls;https://wp1-g-anp01020102-live-vxtoken-ie-preprod.prod.cdn.dmdsdp.com/live/disk1/IESVC1110/go-hls-sd-avc/IESVC1110.m3u8;10000060
IESVC1113;dash;https://wp3-g-anp02030203-live-vxtoken-ie-preprod.prod.cdn.dmdsdp.com/live/disk1/IESVC1113/go-dash-sd-avc/IESVC1113.mpd;10000020
IESVC1113;hls;https://wp3-g-anp02030203-live-vxtoken-ie-preprod.prod.cdn.dmdsdp.com/live/disk1/IESVC1113/go-hls-sd-avc/IESVC1113.m3u8;10000020
IESVC1117;dash;https://wp2-g-anp01030103-live-vxtoken-ie-preprod.prod.cdn.dmdsdp.com/live/disk1/IESVC1117/go-dash-sd-avc/IESVC1117.mpd;10000030
IESVC1117;hls;https://wp2-g-anp01030103-live-vxtoken-ie-preprod.prod.cdn.dmdsdp.com/live/disk1/IESVC1117/go-hls-sd-avc/IESVC1117.m3u8;10000030
IESVC1120;dash;https://wp1-g-anp01020102-live-vxtoken-ie-preprod.prod.cdn.dmdsdp.com/live/disk1/IESVC1120/go-dash-sd-avc/IESVC1120.mpd;10000030
IESVC1120;hls;https://wp1-g-anp01020102-live-vxtoken-ie-preprod.prod.cdn.dmdsdp.com/live/disk1/IESVC1120/go-hls-sd-avc/IESVC1120.m3u8;10000030
IESVC1121;dash;https://wp3-g-anp02030203-live-vxtoken-ie-preprod.prod.cdn.dmdsdp.com/live/disk1/IESVC1121/go-dash-sd-avc/IESVC1121.mpd;10000000
IESVC1121;hls;https://wp3-g-anp02030203-live-vxtoken-ie-preprod.prod.cdn.dmdsdp.com/live/disk1/IESVC1121/go-hls-sd-avc/IESVC1121.m3u8;10000000
IESVC1128;dash;https://wp1-g-anp01020102-live-vxtoken-ie-preprod.prod.cdn.dmdsdp.com/live/disk1/IESVC1128/go-dash-sd-avc/IESVC1128.mpd;10000030
IESVC1128;hls;https://wp1-g-anp01020102-live-vxtoken-ie-preprod.prod.cdn.dmdsdp.com/live/disk1/IESVC1128/go-hls-sd-avc/IESVC1128.m3u8;10000030
IESVC1129;dash;https://wp2-g-anp01030103-live-vxtoken-ie-preprod.prod.cdn.dmdsdp.com/live/disk1/IESVC1129/go-dash-sd-avc/IESVC1129.mpd;10000000
IESVC1129;hls;https://wp2-g-anp01030103-live-vxtoken-ie-preprod.prod.cdn.dmdsdp.com/live/disk1/IESVC1129/go-hls-sd-avc/IESVC1129.m3u8;10000000
IESVC1145;dash;https://wp2-g-anp01030103-live-vxtoken-ie-preprod.prod.cdn.dmdsdp.com/live/disk1/IESVC1145/go-dash-sd-avc/IESVC1145.mpd;10000030
IESVC1145;hls;https://wp2-g-anp01030103-live-vxtoken-ie-preprod.prod.cdn.dmdsdp.com/live/disk1/IESVC1145/go-hls-sd-avc/IESVC1145.m3u8;10000030
IESVC1147;dash;https://wp2-g-anp01030103-live-vxtoken-ie-preprod.prod.cdn.dmdsdp.com/live/disk1/IESVC1147/go-dash-sd-avc/IESVC1147.mpd;10000030
IESVC1147;hls;https://wp2-g-anp01030103-live-vxtoken-ie-preprod.prod.cdn.dmdsdp.com/live/disk1/IESVC1147/go-hls-sd-avc/IESVC1147.m3u8;10000030
IESVC1148;dash;https://wp4-g-anp02030203-live-vxtoken-ie-preprod.prod.cdn.dmdsdp.com/live/disk1/IESVC1148/go-dash-sd-avc/IESVC1148.mpd;10000060
IESVC1148;hls;https://wp4-g-anp02030203-live-vxtoken-ie-preprod.prod.cdn.dmdsdp.com/live/disk1/IESVC1148/go-hls-sd-avc/IESVC1148.m3u8;10000060
IESVC1151;dash;https://wp4-g-anp02030203-live-vxtoken-ie-preprod.prod.cdn.dmdsdp.com/live/disk1/IESVC1151/go-dash-sd-avc/IESVC1151.mpd;10000060
IESVC1151;hls;https://wp4-g-anp02030203-live-vxtoken-ie-preprod.prod.cdn.dmdsdp.com/live/disk1/IESVC1151/go-hls-sd-avc/IESVC1151.m3u8;10000060
IESVC1153;dash;https://wp2-g-anp01030103-live-vxtoken-ie-preprod.prod.cdn.dmdsdp.com/live/disk1/IESVC1153/go-dash-sd-avc/IESVC1153.mpd;10000030
IESVC1153;hls;https://wp2-g-anp01030103-live-vxtoken-ie-preprod.prod.cdn.dmdsdp.com/live/disk1/IESVC1153/go-hls-sd-avc/IESVC1153.m3u8;10000030
IESVC1162;dash;https://wp3-g-anp02030203-live-vxtoken-ie-preprod.prod.cdn.dmdsdp.com/live/disk1/IESVC1162/go-dash-sd-avc/IESVC1162.mpd;10000000
IESVC1162;hls;https://wp3-g-anp02030203-live-vxtoken-ie-preprod.prod.cdn.dmdsdp.com/live/disk1/IESVC1162/go-hls-sd-avc/IESVC1162.m3u8;10000000
IESVC1164;dash;https://wp2-g-anp01030103-live-vxtoken-ie-preprod.prod.cdn.dmdsdp.com/live/disk1/IESVC1164/go-dash-sd-avc/IESVC1164.mpd;10000010
IESVC1164;hls;https://wp2-g-anp01030103-live-vxtoken-ie-preprod.prod.cdn.dmdsdp.com/live/disk1/IESVC1164/go-hls-sd-avc/IESVC1164.m3u8;10000010
IESVC1167;dash;https://wp4-g-anp02030203-live-vxtoken-ie-preprod.prod.cdn.dmdsdp.com/live/disk1/IESVC1167/go-dash-sd-avc/IESVC1167.mpd;10000040
IESVC1167;hls;https://wp4-g-anp02030203-live-vxtoken-ie-preprod.prod.cdn.dmdsdp.com/live/disk1/IESVC1167/go-hls-sd-avc/IESVC1167.m3u8;10000040
IESVC1169;dash;https://wp3-g-anp02030203-live-vxtoken-ie-preprod.prod.cdn.dmdsdp.com/live/disk1/IESVC1169/go-dash-sd-avc/IESVC1169.mpd;10000110
IESVC1169;hls;https://wp3-g-anp02030203-live-vxtoken-ie-preprod.prod.cdn.dmdsdp.com/live/disk1/IESVC1169/go-hls-sd-avc/IESVC1169.m3u8;10000110
IESVC1171;dash;https://wp2-g-anp01030103-live-vxtoken-ie-preprod.prod.cdn.dmdsdp.com/live/disk1/IESVC1171/go-dash-sd-avc/IESVC1171.mpd;10000000
IESVC1171;hls;https://wp2-g-anp01030103-live-vxtoken-ie-preprod.prod.cdn.dmdsdp.com/live/disk1/IESVC1171/go-hls-sd-avc/IESVC1171.m3u8;10000000
IESVC1173;dash;https://wp2-g-anp01030103-live-vxtoken-ie-preprod.prod.cdn.dmdsdp.com/live/disk1/IESVC1173/go-dash-sd-avc/IESVC1173.mpd;10000030
IESVC1173;hls;https://wp2-g-anp01030103-live-vxtoken-ie-preprod.prod.cdn.dmdsdp.com/live/disk1/IESVC1173/go-hls-sd-avc/IESVC1173.m3u8;10000030
IESVC1174;dash;https://wp1-g-anp01020102-live-vxtoken-ie-preprod.prod.cdn.dmdsdp.com/live/disk1/IESVC1174/go-dash-sd-avc/IESVC1174.mpd;10000000
IESVC1174;hls;https://wp1-g-anp01020102-live-vxtoken-ie-preprod.prod.cdn.dmdsdp.com/live/disk1/IESVC1174/go-hls-sd-avc/IESVC1174.m3u8;10000000
IESVC1180;dash;https://wp1-g-anp01020102-live-vxtoken-ie-preprod.prod.cdn.dmdsdp.com/live/disk1/IESVC1180/go-dash-sd-avc/IESVC1180.mpd;10000000
IESVC1180;hls;https://wp1-g-anp01020102-live-vxtoken-ie-preprod.prod.cdn.dmdsdp.com/live/disk1/IESVC1180/go-hls-sd-avc/IESVC1180.m3u8;10000000
IESVC1181;dash;https://wp3-g-anp02030203-live-vxtoken-ie-preprod.prod.cdn.dmdsdp.com/live/disk1/IESVC1181/go-dash-sd-avc/IESVC1181.mpd;10000020
IESVC1181;hls;https://wp3-g-anp02030203-live-vxtoken-ie-preprod.prod.cdn.dmdsdp.com/live/disk1/IESVC1181/go-hls-sd-avc/IESVC1181.m3u8;10000020
IESVC1183;dash;https://wp3-g-anp02030203-live-vxtoken-ie-preprod.prod.cdn.dmdsdp.com/live/disk1/IESVC1183/go-dash-sd-avc/IESVC1183.mpd;10000030
IESVC1183;hls;https://wp3-g-anp02030203-live-vxtoken-ie-preprod.prod.cdn.dmdsdp.com/live/disk1/IESVC1183/go-hls-sd-avc/IESVC1183.m3u8;10000030
IESVC1184;dash;https://wp2-g-anp01030103-live-vxtoken-ie-preprod.prod.cdn.dmdsdp.com/live/disk1/IESVC1184/go-dash-sd-avc/IESVC1184.mpd;10000000
IESVC1184;hls;https://wp2-g-anp01030103-live-vxtoken-ie-preprod.prod.cdn.dmdsdp.com/live/disk1/IESVC1184/go-hls-sd-avc/IESVC1184.m3u8;10000000
IESVC1188;dash;https://wp1-g-anp01020102-live-vxtoken-ie-preprod.prod.cdn.dmdsdp.com/live/disk1/IESVC1188/go-dash-sd-avc/IESVC1188.mpd;10000000
IESVC1188;hls;https://wp1-g-anp01020102-live-vxtoken-ie-preprod.prod.cdn.dmdsdp.com/live/disk1/IESVC1188/go-hls-sd-avc/IESVC1188.m3u8;10000000
IESVC1189;dash;https://wp1-g-anp01020102-live-vxtoken-ie-preprod.prod.cdn.dmdsdp.com/live/disk1/IESVC1189/go-dash-sd-avc/IESVC1189.mpd;10000000
IESVC1189;hls;https://wp1-g-anp01020102-live-vxtoken-ie-preprod.prod.cdn.dmdsdp.com/live/disk1/IESVC1189/go-hls-sd-avc/IESVC1189.m3u8;10000000
IESVC1199;dash;https://wp1-g-anp01020102-live-vxtoken-ie-preprod.prod.cdn.dmdsdp.com/live/disk1/IESVC1199/go-dash-sd-avc/IESVC1199.mpd;10000000
IESVC1199;hls;https://wp1-g-anp01020102-live-vxtoken-ie-preprod.prod.cdn.dmdsdp.com/live/disk1/IESVC1199/go-hls-sd-avc/IESVC1199.m3u8;10000000
IESVC1203;dash;https://wp4-g-anp02030203-live-vxtoken-ie-preprod.prod.cdn.dmdsdp.com/live/disk1/IESVC1203/go-dash-sd-avc/IESVC1203.mpd;10000110
IESVC1203;hls;https://wp4-g-anp02030203-live-vxtoken-ie-preprod.prod.cdn.dmdsdp.com/live/disk1/IESVC1203/go-hls-sd-avc/IESVC1203.m3u8;10000110
IESVC1204;dash;https://wp3-g-anp02030203-live-vxtoken-ie-preprod.prod.cdn.dmdsdp.com/live/disk1/IESVC1204/go-dash-sd-avc/IESVC1204.mpd;10000110
IESVC1204;hls;https://wp3-g-anp02030203-live-vxtoken-ie-preprod.prod.cdn.dmdsdp.com/live/disk1/IESVC1204/go-hls-sd-avc/IESVC1204.m3u8;10000110
IESVC1210;dash;https://wp3-g-anp02030203-live-vxtoken-ie-preprod.prod.cdn.dmdsdp.com/live/disk1/IESVC1210/go-dash-sd-avc/IESVC1210.mpd;10000060
IESVC1210;hls;https://wp3-g-anp02030203-live-vxtoken-ie-preprod.prod.cdn.dmdsdp.com/live/disk1/IESVC1210/go-hls-sd-avc/IESVC1210.m3u8;10000060
IESVC1211;dash;https://wp3-g-anp02030203-live-vxtoken-ie-preprod.prod.cdn.dmdsdp.com/live/disk1/IESVC1211/go-dash-sd-avc/IESVC1211.mpd;10000030
IESVC1211;hls;https://wp3-g-anp02030203-live-vxtoken-ie-preprod.prod.cdn.dmdsdp.com/live/disk1/IESVC1211/go-hls-sd-avc/IESVC1211.m3u8;10000030
IESVC1213;dash;https://wp3-g-anp02030203-live-vxtoken-ie-preprod.prod.cdn.dmdsdp.com/live/disk1/IESVC1213/go-dash-sd-avc/IESVC1213.mpd;10000020
IESVC1213;hls;https://wp3-g-anp02030203-live-vxtoken-ie-preprod.prod.cdn.dmdsdp.com/live/disk1/IESVC1213/go-hls-sd-avc/IESVC1213.m3u8;10000020
IESVC1216;dash;https://wp1-g-anp01020102-live-vxtoken-ie-preprod.prod.cdn.dmdsdp.com/live/disk1/IESVC1216/go-dash-sd-avc/IESVC1216.mpd;10000030
IESVC1216;hls;https://wp1-g-anp01020102-live-vxtoken-ie-preprod.prod.cdn.dmdsdp.com/live/disk1/IESVC1216/go-hls-sd-avc/IESVC1216.m3u8;10000030
IESVC1222;dash;https://wp2-g-anp01030103-live-vxtoken-ie-preprod.prod.cdn.dmdsdp.com/live/disk1/IESVC1222/go-dash-sd-avc/IESVC1222.mpd;10000010
IESVC1222;hls;https://wp2-g-anp01030103-live-vxtoken-ie-preprod.prod.cdn.dmdsdp.com/live/disk1/IESVC1222/go-hls-sd-avc/IESVC1222.m3u8;10000010
IESVC1227;dash;https://wp1-g-anp01020102-live-vxtoken-ie-preprod.prod.cdn.dmdsdp.com/live/disk1/IESVC1227/go-dash-fhd-avc/IESVC1227.mpd;10000000
IESVC1227;hls;https://wp1-g-anp01020102-live-vxtoken-ie-preprod.prod.cdn.dmdsdp.com/live/disk1/IESVC1227/go-hls-fhd-avc/IESVC1227.m3u8;10000000
IESVC1228;dash;https://wp2-g-anp01030103-live-vxtoken-ie-preprod.prod.cdn.dmdsdp.com/live/disk1/IESVC1228/go-dash-fhd-avc/IESVC1228.mpd;10000000
IESVC1228;hls;https://wp2-g-anp01030103-live-vxtoken-ie-preprod.prod.cdn.dmdsdp.com/live/disk1/IESVC1228/go-hls-fhd-avc/IESVC1228.m3u8;10000000
IESVC1229;dash;https://wp3-g-anp02030203-live-vxtoken-ie-preprod.prod.cdn.dmdsdp.com/live/disk1/IESVC1229/go-dash-fhd-avc/IESVC1229.mpd;10000100
IESVC1229;hls;https://wp3-g-anp02030203-live-vxtoken-ie-preprod.prod.cdn.dmdsdp.com/live/disk1/IESVC1229/go-hls-fhd-avc/IESVC1229.m3u8;10000100
IESVC1230;dash;https://wp1-g-anp01020102-live-vxtoken-ie-preprod.prod.cdn.dmdsdp.com/live/disk1/IESVC1230/go-dash-fhd-avc/IESVC1230.mpd;10000100
IESVC1230;hls;https://wp1-g-anp01020102-live-vxtoken-ie-preprod.prod.cdn.dmdsdp.com/live/disk1/IESVC1230/go-hls-fhd-avc/IESVC1230.m3u8;10000100
IESVC1234;dash;https://wp2-g-anp01030103-live-vxtoken-ie-preprod.prod.cdn.dmdsdp.com/live/disk1/IESVC1234/go-dash-fhd-avc/IESVC1234.mpd;10000030
IESVC1234;hls;https://wp2-g-anp01030103-live-vxtoken-ie-preprod.prod.cdn.dmdsdp.com/live/disk1/IESVC1234/go-hls-fhd-avc/IESVC1234.m3u8;10000030
IESVC1238;dash;https://wp2-g-anp01030103-live-vxtoken-ie-preprod.prod.cdn.dmdsdp.com/live/disk1/IESVC1238/go-dash-fhd-avc/IESVC1238.mpd;10000120
IESVC1238;hls;https://wp2-g-anp01030103-live-vxtoken-ie-preprod.prod.cdn.dmdsdp.com/live/disk1/IESVC1238/go-hls-fhd-avc/IESVC1238.m3u8;10000120
IESVC1239;dash;https://wp3-g-anp02030203-live-vxtoken-ie-preprod.prod.cdn.dmdsdp.com/live/disk1/IESVC1239/go-dash-fhd-avc/IESVC1239.mpd;10000120
IESVC1239;hls;https://wp3-g-anp02030203-live-vxtoken-ie-preprod.prod.cdn.dmdsdp.com/live/disk1/IESVC1239/go-hls-fhd-avc/IESVC1239.m3u8;10000120
IESVC1240;dash;https://wp2-g-anp01030103-live-vxtoken-ie-preprod.prod.cdn.dmdsdp.com/live/disk1/IESVC1240/go-dash-fhd-avc/IESVC1240.mpd;10000120
IESVC1240;hls;https://wp2-g-anp01030103-live-vxtoken-ie-preprod.prod.cdn.dmdsdp.com/live/disk1/IESVC1240/go-hls-fhd-avc/IESVC1240.m3u8;10000120
IESVC1241;dash;https://wp4-g-anp02030203-live-vxtoken-ie-preprod.prod.cdn.dmdsdp.com/live/disk1/IESVC1241/go-dash-fhd-avc/IESVC1241.mpd;10000070
IESVC1241;hls;https://wp4-g-anp02030203-live-vxtoken-ie-preprod.prod.cdn.dmdsdp.com/live/disk1/IESVC1241/go-hls-fhd-avc/IESVC1241.m3u8;10000070
IESVC1243;dash;https://wp2-g-anp01030103-live-vxtoken-ie-preprod.prod.cdn.dmdsdp.com/live/disk1/IESVC1243/go-dash-fhd-avc/IESVC1243.mpd;10000020
IESVC1243;hls;https://wp2-g-anp01030103-live-vxtoken-ie-preprod.prod.cdn.dmdsdp.com/live/disk1/IESVC1243/go-hls-fhd-avc/IESVC1243.m3u8;10000020
IESVC1245;dash;https://wp2-g-anp01030103-live-vxtoken-ie-preprod.prod.cdn.dmdsdp.com/live/disk1/IESVC1245/go-dash-fhd-avc/IESVC1245.mpd;10000050
IESVC1245;hls;https://wp2-g-anp01030103-live-vxtoken-ie-preprod.prod.cdn.dmdsdp.com/live/disk1/IESVC1245/go-hls-fhd-avc/IESVC1245.m3u8;10000050
IESVC1246;dash;https://wp4-g-anp02030203-live-vxtoken-ie-preprod.prod.cdn.dmdsdp.com/live/disk1/IESVC1246/go-dash-fhd-avc/IESVC1246.mpd;10000070
IESVC1246;hls;https://wp4-g-anp02030203-live-vxtoken-ie-preprod.prod.cdn.dmdsdp.com/live/disk1/IESVC1246/go-hls-fhd-avc/IESVC1246.m3u8;10000070
IESVC1247;dash;https://wp2-g-anp01030103-live-vxtoken-ie-preprod.prod.cdn.dmdsdp.com/live/disk1/IESVC1247/go-dash-fhd-avc/IESVC1247.mpd;10000120
IESVC1247;hls;https://wp2-g-anp01030103-live-vxtoken-ie-preprod.prod.cdn.dmdsdp.com/live/disk1/IESVC1247/go-hls-fhd-avc/IESVC1247.m3u8;10000120
IESVC1248;dash;https://wp4-g-anp02030203-live-vxtoken-ie-preprod.prod.cdn.dmdsdp.com/live/disk1/IESVC1248/go-dash-fhd-avc/IESVC1248.mpd;10000110
IESVC1248;hls;https://wp4-g-anp02030203-live-vxtoken-ie-preprod.prod.cdn.dmdsdp.com/live/disk1/IESVC1248/go-hls-fhd-avc/IESVC1248.m3u8;10000110
IESVC1249;dash;https://wp4-g-anp02030203-live-vxtoken-ie-preprod.prod.cdn.dmdsdp.com/live/disk1/IESVC1249/go-dash-fhd-avc/IESVC1249.mpd;10000110
IESVC1249;hls;https://wp4-g-anp02030203-live-vxtoken-ie-preprod.prod.cdn.dmdsdp.com/live/disk1/IESVC1249/go-hls-fhd-avc/IESVC1249.m3u8;10000110
IESVC1250;dash;https://wp4-g-anp02030203-live-vxtoken-ie-preprod.prod.cdn.dmdsdp.com/live/disk1/IESVC1250/go-dash-fhd-avc/IESVC1250.mpd;10000070
IESVC1250;hls;https://wp4-g-anp02030203-live-vxtoken-ie-preprod.prod.cdn.dmdsdp.com/live/disk1/IESVC1250/go-hls-fhd-avc/IESVC1250.m3u8;10000070
IESVC1251;dash;https://wp2-g-anp01030103-live-vxtoken-ie-preprod.prod.cdn.dmdsdp.com/live/disk1/IESVC1251/go-dash-fhd-avc/IESVC1251.mpd;10000120
IESVC1251;hls;https://wp2-g-anp01030103-live-vxtoken-ie-preprod.prod.cdn.dmdsdp.com/live/disk1/IESVC1251/go-hls-fhd-avc/IESVC1251.m3u8;10000120
IESVC1253;dash;https://wp4-g-anp02030203-live-vxtoken-ie-preprod.prod.cdn.dmdsdp.com/live/disk1/IESVC1253/go-dash-fhd-avc/IESVC1253.mpd;10000070
IESVC1253;hls;https://wp4-g-anp02030203-live-vxtoken-ie-preprod.prod.cdn.dmdsdp.com/live/disk1/IESVC1253/go-hls-fhd-avc/IESVC1253.m3u8;10000070
IESVC1254;dash;https://wp1-g-anp01020102-live-vxtoken-ie-preprod.prod.cdn.dmdsdp.com/live/disk1/IESVC1254/go-dash-fhd-avc/IESVC1254.mpd;10000110
IESVC1254;hls;https://wp1-g-anp01020102-live-vxtoken-ie-preprod.prod.cdn.dmdsdp.com/live/disk1/IESVC1254/go-hls-fhd-avc/IESVC1254.m3u8;10000110
IESVC1255;dash;https://wp4-g-anp02030203-live-vxtoken-ie-preprod.prod.cdn.dmdsdp.com/live/disk1/IESVC1255/go-dash-fhd-avc/IESVC1255.mpd;10000110
IESVC1255;hls;https://wp4-g-anp02030203-live-vxtoken-ie-preprod.prod.cdn.dmdsdp.com/live/disk1/IESVC1255/go-hls-fhd-avc/IESVC1255.m3u8;10000110
IESVC1256;dash;https://wp4-g-anp02030203-live-vxtoken-ie-preprod.prod.cdn.dmdsdp.com/live/disk1/IESVC1256/go-dash-fhd-avc/IESVC1256.mpd;10000070
IESVC1256;hls;https://wp4-g-anp02030203-live-vxtoken-ie-preprod.prod.cdn.dmdsdp.com/live/disk1/IESVC1256/go-hls-fhd-avc/IESVC1256.m3u8;10000070
IESVC1257;dash;https://wp4-g-anp02030203-live-vxtoken-ie-preprod.prod.cdn.dmdsdp.com/live/disk1/IESVC1257/go-dash-fhd-avc/IESVC1257.mpd;10000070
IESVC1257;hls;https://wp4-g-anp02030203-live-vxtoken-ie-preprod.prod.cdn.dmdsdp.com/live/disk1/IESVC1257/go-hls-fhd-avc/IESVC1257.m3u8;10000070
IESVC1258;dash;https://wp4-g-anp02030203-live-vxtoken-ie-preprod.prod.cdn.dmdsdp.com/live/disk1/IESVC1258/go-dash-fhd-avc/IESVC1258.mpd;10000110
IESVC1258;hls;https://wp4-g-anp02030203-live-vxtoken-ie-preprod.prod.cdn.dmdsdp.com/live/disk1/IESVC1258/go-hls-fhd-avc/IESVC1258.m3u8;10000110
IESVC1259;dash;https://wp4-g-anp02030203-live-vxtoken-ie-preprod.prod.cdn.dmdsdp.com/live/disk1/IESVC1259/go-dash-fhd-avc/IESVC1259.mpd;10000070
IESVC1259;hls;https://wp4-g-anp02030203-live-vxtoken-ie-preprod.prod.cdn.dmdsdp.com/live/disk1/IESVC1259/go-hls-fhd-avc/IESVC1259.m3u8;10000070
IESVC1261;dash;https://wp3-g-anp02030203-live-vxtoken-ie-preprod.prod.cdn.dmdsdp.com/live/disk1/IESVC1261/go-dash-fhd-avc/IESVC1261.mpd;10000050
IESVC1261;hls;https://wp3-g-anp02030203-live-vxtoken-ie-preprod.prod.cdn.dmdsdp.com/live/disk1/IESVC1261/go-hls-fhd-avc/IESVC1261.m3u8;10000050
IESVC1262;dash;https://wp3-g-anp02030203-live-vxtoken-ie-preprod.prod.cdn.dmdsdp.com/live/disk1/IESVC1262/go-dash-fhd-avc/IESVC1262.mpd;10000000
IESVC1262;hls;https://wp3-g-anp02030203-live-vxtoken-ie-preprod.prod.cdn.dmdsdp.com/live/disk1/IESVC1262/go-hls-fhd-avc/IESVC1262.m3u8;10000000
IESVC1263;dash;https://wp3-g-anp02030203-live-vxtoken-ie-preprod.prod.cdn.dmdsdp.com/live/disk1/IESVC1263/go-dash-fhd-avc/IESVC1263.mpd;10000050
IESVC1263;hls;https://wp3-g-anp02030203-live-vxtoken-ie-preprod.prod.cdn.dmdsdp.com/live/disk1/IESVC1263/go-hls-fhd-avc/IESVC1263.m3u8;10000050
IESVC1264;dash;https://wp2-g-anp01030103-live-vxtoken-ie-preprod.prod.cdn.dmdsdp.com/live/disk1/IESVC1264/go-dash-fhd-avc/IESVC1264.mpd;10000050
IESVC1264;hls;https://wp2-g-anp01030103-live-vxtoken-ie-preprod.prod.cdn.dmdsdp.com/live/disk1/IESVC1264/go-hls-fhd-avc/IESVC1264.m3u8;10000050
IESVC1267;dash;https://wp3-g-anp02030203-live-vxtoken-ie-preprod.prod.cdn.dmdsdp.com/live/disk1/IESVC1267/go-dash-fhd-avc/IESVC1267.mpd;10000050
IESVC1267;hls;https://wp3-g-anp02030203-live-vxtoken-ie-preprod.prod.cdn.dmdsdp.com/live/disk1/IESVC1267/go-hls-fhd-avc/IESVC1267.m3u8;10000050
IESVC1268;dash;https://wp3-g-anp02030203-live-vxtoken-ie-preprod.prod.cdn.dmdsdp.com/live/disk1/IESVC1268/go-dash-fhd-avc/IESVC1268.mpd;10000050
IESVC1268;hls;https://wp3-g-anp02030203-live-vxtoken-ie-preprod.prod.cdn.dmdsdp.com/live/disk1/IESVC1268/go-hls-fhd-avc/IESVC1268.m3u8;10000050
IESVC1269;dash;https://wp3-g-anp02030203-live-vxtoken-ie-preprod.prod.cdn.dmdsdp.com/live/disk1/IESVC1269/go-dash-fhd-avc/IESVC1269.mpd;10000050
IESVC1269;hls;https://wp3-g-anp02030203-live-vxtoken-ie-preprod.prod.cdn.dmdsdp.com/live/disk1/IESVC1269/go-hls-fhd-avc/IESVC1269.m3u8;10000050
IESVC1270;dash;https://wp3-g-anp02030203-live-vxtoken-ie-preprod.prod.cdn.dmdsdp.com/live/disk1/IESVC1270/go-dash-fhd-avc/IESVC1270.mpd;10000000
IESVC1270;hls;https://wp3-g-anp02030203-live-vxtoken-ie-preprod.prod.cdn.dmdsdp.com/live/disk1/IESVC1270/go-hls-fhd-avc/IESVC1270.m3u8;10000000
IESVC1272;dash;https://wp1-g-anp01020102-live-vxtoken-ie-preprod.prod.cdn.dmdsdp.com/live/disk1/IESVC1272/go-dash-fhd-avc/IESVC1272.mpd;10000100
IESVC1272;hls;https://wp1-g-anp01020102-live-vxtoken-ie-preprod.prod.cdn.dmdsdp.com/live/disk1/IESVC1272/go-hls-fhd-avc/IESVC1272.mpd;10000100
IESVC1282;dash;https://wp2-g-anp01030103-live-vxtoken-ie-preprod.prod.cdn.dmdsdp.com/live/disk1/IESVC1282/go-dash-fhd-avc/IESVC1282.mpd;10000050
IESVC1282;hls;https://wp2-g-anp01030103-live-vxtoken-ie-preprod.prod.cdn.dmdsdp.com/live/disk1/IESVC1282/go-hls-fhd-avc/IESVC1282.m3u8;10000050
IESVC1283;dash;https://wp1-g-anp01020102-live-vxtoken-ie-preprod.prod.cdn.dmdsdp.com/live/disk1/IESVC1283/go-dash-fhd-avc/IESVC1283.mpd;10000030
IESVC1283;hls;https://wp1-g-anp01020102-live-vxtoken-ie-preprod.prod.cdn.dmdsdp.com/live/disk1/IESVC1283/go-hls-fhd-avc/IESVC1283.m3u8;10000030
IESVC1284;dash;https://wp3-g-anp02030203-live-vxtoken-ie-preprod.prod.cdn.dmdsdp.com/live/disk1/IESVC1284/go-dash-fhd-avc/IESVC1284.mpd;10000030
IESVC1284;hls;https://wp3-g-anp02030203-live-vxtoken-ie-preprod.prod.cdn.dmdsdp.com/live/disk1/IESVC1284/go-hls-fhd-avc/IESVC1284.m3u8;10000030
IESVC1285;dash;https://wp2-g-anp01030103-live-vxtoken-ie-preprod.prod.cdn.dmdsdp.com/live/disk1/IESVC1285/go-dash-fhd-avc/IESVC1285.mpd;10000030
IESVC1285;hls;https://wp2-g-anp01030103-live-vxtoken-ie-preprod.prod.cdn.dmdsdp.com/live/disk1/IESVC1285/go-hls-fhd-avc/IESVC1285.m3u8;10000030
IESVC1287;dash;https://wp2-g-anp01030103-live-vxtoken-ie-preprod.prod.cdn.dmdsdp.com/live/disk1/IESVC1287/go-dash-fhd-avc/IESVC1287.mpd;10000030
IESVC1287;hls;https://wp2-g-anp01030103-live-vxtoken-ie-preprod.prod.cdn.dmdsdp.com/live/disk1/IESVC1287/go-hls-fhd-avc/IESVC1287.m3u8;10000030
IESVC1288;dash;https://wp2-g-anp01030103-live-vxtoken-ie-preprod.prod.cdn.dmdsdp.com/live/disk1/IESVC1288/go-dash-fhd-avc/IESVC1288.mpd;10000030
IESVC1288;hls;https://wp2-g-anp01030103-live-vxtoken-ie-preprod.prod.cdn.dmdsdp.com/live/disk1/IESVC1288/go-hls-fhd-avc/IESVC1288.m3u8;10000030
IESVC1289;dash;https://wp2-g-anp01030103-live-vxtoken-ie-preprod.prod.cdn.dmdsdp.com/live/disk1/IESVC1289/go-dash-fhd-avc/IESVC1289.mpd;10000100
IESVC1289;hls;https://wp2-g-anp01030103-live-vxtoken-ie-preprod.prod.cdn.dmdsdp.com/live/disk1/IESVC1289/go-hls-fhd-avc/IESVC1289.m3u8;10000100
IESVC1290;dash;https://wp4-g-anp02030203-live-vxtoken-ie-preprod.prod.cdn.dmdsdp.com/live/disk1/IESVC1290/go-dash-fhd-avc/IESVC1290.mpd;10000000
IESVC1290;hls;https://wp4-g-anp02030203-live-vxtoken-ie-preprod.prod.cdn.dmdsdp.com/live/disk1/IESVC1290/go-hls-fhd-avc/IESVC1290.m3u8;10000000
IESVC1291;dash;https://wp1-g-anp01020102-live-vxtoken-ie-preprod.prod.cdn.dmdsdp.com/live/disk1/IESVC1291/go-dash-fhd-avc/IESVC1291.mpd;10000110
IESVC1291;hls;https://wp1-g-anp01020102-live-vxtoken-ie-preprod.prod.cdn.dmdsdp.com/live/disk1/IESVC1291/go-hls-fhd-avc/IESVC1291.m3u8;10000110
IESVC1294;dash;https://wp4-g-anp02030203-live-vxtoken-ie-preprod.prod.cdn.dmdsdp.com/live/disk1/IESVC1294/go-dash-sd-avc/IESVC1294.mpd;10000110
IESVC1294;hls;https://wp4-g-anp02030203-live-vxtoken-ie-preprod.prod.cdn.dmdsdp.com/live/disk1/IESVC1294/go-hls-sd-avc/IESVC1294.m3u8;10000110
IESVC1295;dash;https://wp4-g-anp02030203-live-vxtoken-ie-preprod.prod.cdn.dmdsdp.com/live/disk1/IESVC1295/go-dash-fhd-avc/IESVC1295.mpd;10000110
IESVC1295;hls;https://wp4-g-anp02030203-live-vxtoken-ie-preprod.prod.cdn.dmdsdp.com/live/disk1/IESVC1295/go-hls-fhd-avc/IESVC1295.m3u8;10000110
IESVC1296;dash;https://wp3-g-anp02030203-live-vxtoken-ie-preprod.prod.cdn.dmdsdp.com/live/disk1/IESVC1296/go-dash-fhd-avc/IESVC1296.mpd;10000050
IESVC1296;hls;https://wp3-g-anp02030203-live-vxtoken-ie-preprod.prod.cdn.dmdsdp.com/live/disk1/IESVC1296/go-hls-fhd-avc/IESVC1296.m3u8;10000050
IESVC1297;dash;https://wp4-g-anp02030203-live-vxtoken-ie-preprod.prod.cdn.dmdsdp.com/live/disk1/IESVC1297/go-dash-sd-avc/IESVC1297.mpd;10000040
IESVC1297;hls;https://wp4-g-anp02030203-live-vxtoken-ie-preprod.prod.cdn.dmdsdp.com/live/disk1/IESVC1297/go-hls-sd-avc/IESVC1297.m3u8;10000040
IESVC1298;dash;https://wp3-g-anp02030203-live-vxtoken-ie-preprod.prod.cdn.dmdsdp.com/live/disk1/IESVC1298/go-dash-sd-avc/IESVC1298.mpd;10000020
IESVC1298;hls;https://wp3-g-anp02030203-live-vxtoken-ie-preprod.prod.cdn.dmdsdp.com/live/disk1/IESVC1298/go-hls-sd-avc/IESVC1298.m3u8;10000020
IESVC1302;dash;https://wp2-g-anp01030103-live-vxtoken-ie-preprod.prod.cdn.dmdsdp.com/live/disk1/IESVC1302/go-dash-sd-avc/IESVC1302.mpd;10000110
IESVC1302;hls;https://wp2-g-anp01030103-live-vxtoken-ie-preprod.prod.cdn.dmdsdp.com/live/disk1/IESVC1302/go-hls-sd-avc/IESVC1302.m3u8;10000110
IESVC1303;dash;https://wp2-g-anp01030103-live-vxtoken-ie-preprod.prod.cdn.dmdsdp.com/live/disk1/IESVC1303/go-dash-fhd-avc/IESVC1303.mpd;10000110
IESVC1303;hls;https://wp2-g-anp01030103-live-vxtoken-ie-preprod.prod.cdn.dmdsdp.com/live/disk1/IESVC1303/go-hls-fhd-avc/IESVC1303.m3u8;10000110
IESVC1305;dash;https://wp2-g-anp01030103-live-vxtoken-ie-preprod.prod.cdn.dmdsdp.com/live/disk1/IESVC1305/go-dash-fhd-avc/IESVC1305.mpd;10000120
IESVC1305;hls;https://wp2-g-anp01030103-live-vxtoken-ie-preprod.prod.cdn.dmdsdp.com/live/disk1/IESVC1305/go-hls-fhd-avc/IESVC1305.m3u8;10000120
IESVC1307;dash;https://wp2-g-anp01030103-live-vxtoken-ie-preprod.prod.cdn.dmdsdp.com/live/disk1/IESVC1307/go-dash-fhd-avc/IESVC1307.mpd;10000070
IESVC1307;hls;https://wp2-g-anp01030103-live-vxtoken-ie-preprod.prod.cdn.dmdsdp.com/live/disk1/IESVC1307/go-hls-fhd-avc/IESVC1307.m3u8;10000070
IESVC1308;dash;https://wp2-g-anp01030103-live-vxtoken-ie-preprod.prod.cdn.dmdsdp.com/live/disk1/IESVC1308/go-dash-sd-avc/IESVC1308.mpd;10000070
IESVC1308;hls;https://wp2-g-anp01030103-live-vxtoken-ie-preprod.prod.cdn.dmdsdp.com/live/disk1/IESVC1308/go-hls-sd-avc/IESVC1308.m3u8;10000070
IESVC1309;dash;https://wp2-g-anp01030103-live-vxtoken-ie-preprod.prod.cdn.dmdsdp.com/live/disk1/IESVC1309/go-dash-fhd-avc/IESVC1309.mpd;10000070
IESVC1309;hls;https://wp2-g-anp01030103-live-vxtoken-ie-preprod.prod.cdn.dmdsdp.com/live/disk1/IESVC1309/go-hls-fhd-avc/IESVC1309.m3u8;10000070
IESVC1310;dash;https://wp3-g-anp02030203-live-vxtoken-ie-preprod.prod.cdn.dmdsdp.com/live/disk1/IESVC1310/go-dash-sd-avc/IESVC1310.mpd;10000070
IESVC1310;hls;https://wp3-g-anp02030203-live-vxtoken-ie-preprod.prod.cdn.dmdsdp.com/live/disk1/IESVC1310/go-hls-sd-avc/IESVC1310.m3u8;10000070
IESVC1311;dash;https://wp4-g-anp02030203-live-vxtoken-ie-preprod.prod.cdn.dmdsdp.com/live/disk1/IESVC1311/go-dash-fhd-avc/IESVC1311.mpd;10000070
IESVC1311;hls;https://wp4-g-anp02030203-live-vxtoken-ie-preprod.prod.cdn.dmdsdp.com/live/disk1/IESVC1311/go-hls-fhd-avc/IESVC1311.m3u8;10000070
IESVC1312;dash;https://wp3-g-anp02030203-live-vxtoken-ie-preprod.prod.cdn.dmdsdp.com/live/disk1/IESVC1312/go-dash-sd-avc/IESVC1312.mpd;10000070
IESVC1312;hls;https://wp3-g-anp02030203-live-vxtoken-ie-preprod.prod.cdn.dmdsdp.com/live/disk1/IESVC1312/go-hls-sd-avc/IESVC1312.m3u8;10000070
IESVC1313;dash;https://wp4-g-anp02030203-live-vxtoken-ie-preprod.prod.cdn.dmdsdp.com/live/disk1/IESVC1313/go-dash-fhd-avc/IESVC1313.mpd;10000070
IESVC1313;hls;https://wp4-g-anp02030203-live-vxtoken-ie-preprod.prod.cdn.dmdsdp.com/live/disk1/IESVC1313/go-hls-fhd-avc/IESVC1313.m3u8;10000070
IESVC1314;dash;https://wp3-g-anp02030203-live-vxtoken-ie-preprod.prod.cdn.dmdsdp.com/live/disk1/IESVC1314/go-dash-sd-avc/IESVC1314.mpd;10000070
IESVC1314;hls;https://wp3-g-anp02030203-live-vxtoken-ie-preprod.prod.cdn.dmdsdp.com/live/disk1/IESVC1314/go-hls-sd-avc/IESVC1314.m3u8;10000070
IESVC1315;dash;https://wp2-g-anp01030103-live-vxtoken-ie-preprod.prod.cdn.dmdsdp.com/live/disk1/IESVC1315/go-dash-fhd-avc/IESVC1315.mpd;10000070
IESVC1315;hls;https://wp2-g-anp01030103-live-vxtoken-ie-preprod.prod.cdn.dmdsdp.com/live/disk1/IESVC1315/go-hls-fhd-avc/IESVC1315.m3u8;10000070
IESVC1316;dash;https://wp3-g-anp02030203-live-vxtoken-ie-preprod.prod.cdn.dmdsdp.com/live/disk1/IESVC1316/go-dash-sd-avc/IESVC1316.mpd;10000070
IESVC1316;hls;https://wp3-g-anp02030203-live-vxtoken-ie-preprod.prod.cdn.dmdsdp.com/live/disk1/IESVC1316/go-hls-sd-avc/IESVC1316.m3u8;10000070
IESVC1317;dash;https://wp2-g-anp01030103-live-vxtoken-ie-preprod.prod.cdn.dmdsdp.com/live/disk1/IESVC1317/go-dash-fhd-avc/IESVC1317.mpd;10000070
IESVC1317;hls;https://wp2-g-anp01030103-live-vxtoken-ie-preprod.prod.cdn.dmdsdp.com/live/disk1/IESVC1317/go-hls-fhd-avc/IESVC1317.m3u8;10000070
IESVC1318;dash;https://wp3-g-anp02030203-live-vxtoken-ie-preprod.prod.cdn.dmdsdp.com/live/disk1/IESVC1318/go-dash-sd-avc/IESVC1318.mpd;10000070
IESVC1318;hls;https://wp3-g-anp02030203-live-vxtoken-ie-preprod.prod.cdn.dmdsdp.com/live/disk1/IESVC1318/go-hls-sd-avc/IESVC1318.m3u8;10000070
IESVC1320;dash;https://wp3-g-anp02030203-live-vxtoken-ie-preprod.prod.cdn.dmdsdp.com/live/disk1/IESVC1320/go-dash-sd-avc/IESVC1320.mpd;10000070
IESVC1320;hls;https://wp3-g-anp02030203-live-vxtoken-ie-preprod.prod.cdn.dmdsdp.com/live/disk1/IESVC1320/go-hls-sd-avc/IESVC1320.m3u8;10000070
IESVC1321;dash;https://wp2-g-anp01030103-live-vxtoken-ie-preprod.prod.cdn.dmdsdp.com/live/disk1/IESVC1321/go-dash-fhd-avc/IESVC1321.mpd;10000070
IESVC1321;hls;https://wp2-g-anp01030103-live-vxtoken-ie-preprod.prod.cdn.dmdsdp.com/live/disk1/IESVC1321/go-hls-fhd-avc/IESVC1321.m3u8;10000070
IESVC1325;dash;https://wp2-g-anp01030103-live-vxtoken-ie-preprod.prod.cdn.dmdsdp.com/live/disk1/IESVC1325/go-dash-fhd-avc/IESVC1325.mpd;10000120
IESVC1325;hls;https://wp2-g-anp01030103-live-vxtoken-ie-preprod.prod.cdn.dmdsdp.com/live/disk1/IESVC1325/go-hls-fhd-avc/IESVC1325.m3u8;10000120
IESVC1327;dash;https://wp4-g-anp02030203-live-vxtoken-ie-preprod.prod.cdn.dmdsdp.com/live/disk1/IESVC1327/go-dash-fhd-avc/IESVC1327.mpd;10000110
IESVC1327;hls;https://wp4-g-anp02030203-live-vxtoken-ie-preprod.prod.cdn.dmdsdp.com/live/disk1/IESVC1327/go-hls-fhd-avc/IESVC1327.m3u8;10000110
IESVC1329;dash;https://wp4-g-anp02030203-live-vxtoken-ie-preprod.prod.cdn.dmdsdp.com/live/disk1/IESVC1329/go-dash-fhd-avc/IESVC1329.mpd;10000110
IESVC1329;hls;https://wp4-g-anp02030203-live-vxtoken-ie-preprod.prod.cdn.dmdsdp.com/live/disk1/IESVC1329/go-hls-fhd-avc/IESVC1329.m3u8;10000110
IESVC1330;dash;https://wp1-g-anp01020102-live-vxtoken-ie-preprod.prod.cdn.dmdsdp.com/live/disk1/IESVC1330/go-dash-sd-avc/IESVC1330.mpd;10000110
IESVC1330;hls;https://wp1-g-anp01020102-live-vxtoken-ie-preprod.prod.cdn.dmdsdp.com/live/disk1/IESVC1330/go-hls-sd-avc/IESVC1330.m3u8;10000110
IESVC1331;dash;https://wp1-g-anp01020102-live-vxtoken-ie-preprod.prod.cdn.dmdsdp.com/live/disk1/IESVC1331/go-dash-sd-avc/IESVC1331.mpd;10000110
IESVC1331;hls;https://wp1-g-anp01020102-live-vxtoken-ie-preprod.prod.cdn.dmdsdp.com/live/disk1/IESVC1331/go-hls-sd-avc/IESVC1331.m3u8;10000110
IESVC1332;dash;https://wp4-g-anp02030203-live-vxtoken-ie-preprod.prod.cdn.dmdsdp.com/live/disk1/IESVC1332/go-dash-fhd-avc/IESVC1332.mpd;10000020
IESVC1332;hls;https://wp4-g-anp02030203-live-vxtoken-ie-preprod.prod.cdn.dmdsdp.com/live/disk1/IESVC1332/go-hls-fhd-avc/IESVC1332.m3u8;10000020
IESVC1345;dash;https://wp3-g-anp02030203-live-vxtoken-ie-preprod.prod.cdn.dmdsdp.com/live/disk1/IESVC1345/go-dash-fhd-avc/IESVC1345.mpd;10000110
IESVC1345;hls;https://wp3-g-anp02030203-live-vxtoken-ie-preprod.prod.cdn.dmdsdp.com/live/disk1/IESVC1345/go-hls-fhd-avc/IESVC1345.m3u8;10000110
IESVC1346;dash;https://wp4-g-anp02030203-live-vxtoken-ie-preprod.prod.cdn.dmdsdp.com/live/disk1/IESVC1346/go-dash-fhd-avc/IESVC1346.mpd;10000100
IESVC1346;hls;https://wp4-g-anp02030203-live-vxtoken-ie-preprod.prod.cdn.dmdsdp.com/live/disk1/IESVC1346/go-hls-fhd-avc/IESVC1346.m3u8;10000100
IESVC1347;dash;https://wp4-g-anp02030203-live-vxtoken-ie-preprod.prod.cdn.dmdsdp.com/live/disk1/IESVC1347/go-dash-fhd-avc/IESVC1347.mpd;10000100
IESVC1347;hls;https://wp4-g-anp02030203-live-vxtoken-ie-preprod.prod.cdn.dmdsdp.com/live/disk1/IESVC1347/go-hls-fhd-avc/IESVC1347.m3u8;10000100
IESVC1300;dash;https://wp1-g-anp01010000-live-vxtoken-ie-preprod.prod.cdn.dmdsdp.com/live/disk1/IESVC1300/go-dash-fhd-avc/IESVC1300.mpd;10000100
IESVC1300;hls;https://wp1-g-anp01010000-live-vxtoken-ie-preprod.prod.cdn.dmdsdp.com/live/disk1/IESVC1300/go-hls-fhd-avc/IESVC1300.m3u8;10000100
IESVC1397;dash;https://wp1-g-anp01010000-live-vxtoken-ie-preprod.prod.cdn.dmdsdp.com/live/disk1/IESVC1397/go-dash-fhd-avc-pois/IESVC1397.mpd;10000100
IESVC1397;hls;https://wp1-g-anp01010000-live-vxtoken-ie-preprod.prod.cdn.dmdsdp.com/live/disk1/IESVC1397/go-hls-fhd-avc-pois/IESVC1397.m3u8;10000100
PRE_IESVC1063;dash;https://wp1-g-anp01010000-live-vxtoken-ie-preprod.prod.cdn.dmdsdp.com/live/disk1/IESVC1063/go-dash-sd-avc/IESVC1063.mpd;10000110
PRE_IESVC1063;hls;https://wp1-g-anp01010000-live-vxtoken-ie-preprod.prod.cdn.dmdsdp.com/live/disk1/IESVC1063/go-hls-sd-avc/IESVC1063.m3u8;10000110
PRE_IESVC1085;dash;https://wp1-g-anp01010000-live-vxtoken-ie-preprod.prod.cdn.dmdsdp.com/live/disk1/IESVC1085/go-dash-sd-avc/IESVC1085.mpd;10000030
PRE_IESVC1085;hls;https://wp1-g-anp01010000-live-vxtoken-ie-preprod.prod.cdn.dmdsdp.com/live/disk1/IESVC1085/go-hls-sd-avc/IESVC1085.m3u8;10000030
PRE_IESVC1153;dash;https://wp1-g-anp01010000-live-vxtoken-ie-preprod.prod.cdn.dmdsdp.com/live/disk1/IESVC1153/go-dash-sd-avc/IESVC1153.mpd;10000030
PRE_IESVC1153;hls;https://wp1-g-anp01010000-live-vxtoken-ie-preprod.prod.cdn.dmdsdp.com/live/disk1/IESVC1153/go-hls-sd-avc/IESVC1153.m3u8;10000030
PRE_IESVC1210;dash;https://wp1-g-anp01010000-live-vxtoken-ie-preprod.prod.cdn.dmdsdp.com/live/disk1/IESVC1210/go-dash-sd-avc/IESVC1210.mpd;10000060
PRE_IESVC1210;hls;https://wp1-g-anp01010000-live-vxtoken-ie-preprod.prod.cdn.dmdsdp.com/live/disk1/IESVC1210/go-hls-sd-avc/IESVC1210.m3u8;10000060
PRE_IESVC1228;dash;https://wp1-g-anp01010000-live-vxtoken-ie-preprod.prod.cdn.dmdsdp.com/live/disk1/IESVC1228/go-dash-fhd-avc/IESVC1228.mpd;10000000
PRE_IESVC1228;hls;https://wp1-g-anp01010000-live-vxtoken-ie-preprod.prod.cdn.dmdsdp.com/live/disk1/IESVC1228/go-hls-fhd-avc/IESVC1228.m3u8;10000000
PRE_IESVC1239;dash;https://wp1-g-anp01010000-live-vxtoken-ie-preprod.prod.cdn.dmdsdp.com/live/disk1/IESVC1239/go-dash-fhd-avc/IESVC1239.mpd;10000120
PRE_IESVC1239;dash-sd;https://wp1-g-anp01010000-live-vxtoken-ie-preprod.prod.cdn.dmdsdp.com/live/disk1/IESVC1239/go-dash-sd-avc/IESVC1239.mpd;10000120
PRE_IESVC1239;hls;https://wp1-g-anp01010000-live-vxtoken-ie-preprod.prod.cdn.dmdsdp.com/live/disk1/IESVC1239/go-hls-fhd-avc/IESVC1239.m3u8;10000120
PRE_IESVC1244;dash;https://wp1-g-anp01010000-live-vxtoken-ie-preprod.prod.cdn.dmdsdp.com/live/disk1/IESVC1244/go-dash-fhd-avc/IESVC1244.mpd;10000020
PRE_IESVC1244;hls;https://wp1-g-anp01010000-live-vxtoken-ie-preprod.prod.cdn.dmdsdp.com/live/disk1/IESVC1244/go-hls-fhd-avc/IESVC1244.m3u8;10000020
PRE_IESVC1272;dash;https://wp1-g-anp01010000-live-vxtoken-ie-preprod.prod.cdn.dmdsdp.com/live/disk1/IESVC1272/go-dash-fhd-avc/IESVC1272.mpd;10000100
PRE_IESVC1272;hls;https://wp1-g-anp01010000-live-vxtoken-ie-preprod.prod.cdn.dmdsdp.com/live/disk1/IESVC1272/go-hls-fhd-avc/IESVC1272.m3u8;10000100
PRE_IESVC1289;dash;https://wp1-g-anp01010000-live-vxtoken-ie-preprod.prod.cdn.dmdsdp.com/live/disk1/IESVC1289/go-dash-fhd-avc/IESVC1289.mpd;10000100
PRE_IESVC1289;hls;https://wp1-g-anp01010000-live-vxtoken-ie-preprod.prod.cdn.dmdsdp.com/live/disk1/IESVC1289/go-hls-fhd-avc/IESVC1289.m3u8;10000100
IESVC1398;dash;https://wp4-g-anp02030203-live-vxtoken-ie-preprod.prod.cdn.dmdsdp.com/live/disk1/IESVC1398/go-dash-fhd-avc/IESVC1398.mpd;10000000
IESVC1398;hls;https://wp4-g-anp02030203-live-vxtoken-ie-preprod.prod.cdn.dmdsdp.com/live/disk1/IESVC1398/go-hls-fhd-avc/IESVC1398.m3u8;10000000
IESVC1349;dash;https://wp1-g-anp01020102-live-vxtoken-ie-preprod.prod.cdn.dmdsdp.com/live/disk1/IESVC1349/go-dash-fhd-avc/IESVC1349.mpd;10000030
IESVC1349;hls;https://wp1-g-anp01020102-live-vxtoken-ie-preprod.prod.cdn.dmdsdp.com/live/disk1/IESVC1349/go-hls-fhd-avc/IESVC1349.m3u8;10000030
IESVC1378;dash;https://wp1-g-anp01020102-live-vxtoken-ie-preprod.prod.cdn.dmdsdp.com/live/disk1/IESVC1378/go-dash-fhd-avc/IESVC1378.mpd;10000030
IESVC1378;hls;https://wp1-g-anp01020102-live-vxtoken-ie-preprod.prod.cdn.dmdsdp.com/live/disk1/IESVC1378/go-hls-fhd-avc/IESVC1378.m3u8;10000030
IESVC1379;dash;https://wp1-g-anp01020102-live-vxtoken-ie-preprod.prod.cdn.dmdsdp.com/live/disk1/IESVC1379/go-dash-fhd-avc/IESVC1379.mpd;10000030
IESVC1379;hls;https://wp1-g-anp01020102-live-vxtoken-ie-preprod.prod.cdn.dmdsdp.com/live/disk1/IESVC1379/go-hls-fhd-avc/IESVC1379.m3u8;10000030
IESVC1382;dash;https://wp1-g-anp01020102-live-vxtoken-ie-preprod.prod.cdn.dmdsdp.com/live/disk1/IESVC1382/go-dash-fhd-avc/IESVC1382.mpd;10000030
IESVC1382;hls;https://wp1-g-anp01020102-live-vxtoken-ie-preprod.prod.cdn.dmdsdp.com/live/disk1/IESVC1382/go-hls-fhd-avc/IESVC1382.m3u8;10000030
PRE_IESVC1302;dash;https://wp1-g-anp01010000-live-vxtoken-ie-preprod.prod.cdn.dmdsdp.com/live/disk1/IESVC1302/go-dash-sd-avc/IESVC1302.mpd;10000110
PRE_IESVC1302;hls;https://wp1-g-anp01010000-live-vxtoken-ie-preprod.prod.cdn.dmdsdp.com/live/disk1/IESVC1302/go-hls-sd-avc/IESVC1302.m3u8;10000110
PRE_IESVC1248;dash;https://wp1-g-anp01010000-live-vxtoken-ie-preprod.prod.cdn.dmdsdp.com/live/disk1/IESVC1248/go-dash-fhd-avc/IESVC1248.mpd;10000110
PRE_IESVC1248;hls;https://wp1-g-anp01010000-live-vxtoken-ie-preprod.prod.cdn.dmdsdp.com/live/disk1/IESVC1248/go-hls-fhd-avc/IESVC1248.m3u8;10000110
IESVC1387;dash;https://wp1-g-anp01020102-live-vxtoken-ie-preprod.prod.cdn.dmdsdp.com/live/disk1/IESVC1387/go-dash-sd-avc/IESVC1387.mpd;10000020
IESVC1387;hls;https://wp1-g-anp01020102-live-vxtoken-ie-preprod.prod.cdn.dmdsdp.com/live/disk1/IESVC1387/go-hls-sd-avc/IESVC1387.m3u8;10000020